# 10.0 sps, start/stop: 50/0 mA (5 s), channels: 4,,,,,,
# V min: 5.2041, V max: 5.2329,,,,,,,
# I min: 0.31183, I max: 0.45283,,,,,,,
Time,Voltage,Current,Capacity,Energy,,,,
0,5.22274,0.3288,0.00000457,0.00001193,,,,1
0.1,5.22297,0.3279,0.00001369,0.00002382,,,,2
0.2,5.22301,0.32798,0.0000228,0.00003572,,,,3
0.3,5.22301,0.32803,0.00003191,0.00004761,,,,4
0.4,5.22285,0.33943,0.00004118,0.00005992,,,,5
0.5,5.22285,0.33869,0.0000506,0.00007221,,,,6
0.6,5.22293,0.33919,0.00006001,0.00008451,,,,7
0.7,5.22285,0.32723,0.00006927,0.00009638,,,,8
0.8,5.22297,0.32717,0.00007836,0.00010825,,,,9
0.9,5.22309,0.32719,0.00008744,0.00012011,,,,10
1,5.22324,0.3272,0.00009653,0.00013198,,,,11
1.1,5.22317,0.32714,0.00010562,0.00014385,,,,12
1.2,5.2232,0.33869,0.00011487,0.00015613,,,,13
1.3,5.22324,0.33919,0.00012428,0.00016844,,,,14
1.4,5.2234,0.33794,0.00013369,0.0001807,,,,15
1.5,5.22356,0.3271,0.00014293,0.00019256,,,,16
1.6,5.22356,0.32727,0.00015201,0.00020443,,,,17
1.7,5.22348,0.3279,0.00016111,0.00021633,,,,18
1.8,5.22309,0.33037,0.00017026,0.00022831,,,,19
1.9,5.22305,0.33048,0.00017943,0.0002403,,,,20
2,5.22313,0.34093,0.00018876,0.00025266,,,,21
2.1,5.22313,0.32004,0.00019794,0.00026427,,,,22
2.2,5.22309,0.33041,0.00020697,0.00027625,,,,23
2.3,5.22293,0.33046,0.00021615,0.00028824,,,,24
2.4,5.22281,0.33044,0.00022533,0.00030023,,,,25
2.5,5.2227,0.3305,0.00023451,0.00031221,,,,26
2.6,5.22281,0.39539,0.00024459,0.00032655,,,,27
2.7,5.2223,0.39116,0.00025552,0.00034074,,,,28
2.8,5.21162,0.39141,0.00026639,0.00035493,,,,29
2.9,5.22086,0.39091,0.00027725,0.0003691,,,,30
3,5.21992,0.39166,0.00028812,0.00038326,,,,31
3.1,5.21906,0.38892,0.00029896,0.00039736,,,,32
3.2,5.2182,0.40633,0.00031001,0.00041208,,,,33
3.3,5.21749,0.40906,0.00032133,0.0004269,,,,34
3.4,5.21679,0.40857,0.00033269,0.0004417,,,,35
3.5,5.21604,0.41354,0.00034411,0.00045667,,,,36
3.6,5.21514,0.41603,0.00035563,0.00047174,,,,37
3.7,5.21456,0.40394,0.00036702,0.00048637,,,,38
3.8,5.21464,0.4039,0.00037824,0.00050099,,,,39
3.9,5.21464,0.40388,0.00038946,0.00051562,,,,40
4,5.21475,0.40388,0.00040068,0.00053024,,,,41
4.1,5.21479,0.3929,0.00041174,0.00054447,,,,42
4.2,5.21475,0.40387,0.00042281,0.0005591,,,,43
4.3,5.21464,0.40387,0.00043403,0.00057372,,,,44
4.4,5.21452,0.43965,0.00044574,0.00058964,,,,45
4.5,5.21417,0.40568,0.00045748,0.00060433,,,,46
4.6,5.21409,0.40691,0.00046877,0.00061911,,,,47
4.7,5.2304,0.33546,0.00047908,0.00063126,,,,48
4.8,5.22664,0.328,0.00048829,0.00064314,,,,49
4.9,5.21577,0.3265,0.00049738,0.00065497,,,,50
5,5.21651,0.32775,0.00050647,0.00066684,,,,51
5.1,5.2173,0.33048,0.00051561,0.00067882,,,,52
5.2,5.21808,0.33272,0.00052482,0.00069088,,,,53
5.3,5.21906,0.31233,0.00053378,0.0007022,,,,54
5.4,5.21992,0.31332,0.00054247,0.00071356,,,,55
5.5,5.22097,0.31308,0.00055117,0.00072491,,,,56
5.6,5.22203,0.31382,0.00055988,0.0007363,,,,57
5.7,5.22285,0.31606,0.00056863,0.00074776,,,,58
5.8,5.22309,0.32789,0.00057757,0.00075965,,,,59
5.9,5.22305,0.31631,0.00058652,0.00077113,,,,60
6,5.22309,0.31407,0.00059527,0.00078252,,,,61
6.1,5.22317,0.31457,0.00060401,0.00079393,,,,62
6.2,5.2232,0.31283,0.00061272,0.00080527,,,,63
6.3,5.22317,0.32781,0.00062162,0.00081716,,,,64
6.4,5.22324,0.32793,0.00063072,0.00082906,,,,65
6.5,5.22328,0.32716,0.00063982,0.00084093,,,,66
6.6,5.22324,0.31581,0.00064875,0.00085238,,,,67
6.7,5.22324,0.31432,0.00065751,0.00086378,,,,68
6.8,5.22328,0.31208,0.00066621,0.0008751,,,,69
6.9,5.22332,0.3273,0.00067509,0.00088698,,,,70
7,5.22344,0.32737,0.00068418,0.00089885,,,,71
7.1,5.22332,0.3273,0.00069327,0.00091072,,,,72
7.2,5.22328,0.35634,0.00070277,0.00092365,,,,73
7.3,5.22293,0.31581,0.0007121,0.0009351,,,,74
7.4,5.22285,0.33036,0.00072108,0.00094708,,,,75
7.5,5.22285,0.37922,0.00073093,0.00096084,,,,76
7.6,5.22246,0.33402,0.00074084,0.00097295,,,,77
7.7,5.22234,0.33545,0.00075014,0.00098512,,,,78
7.8,5.22242,0.4021,0.00076038,0.0009997,,,,79
7.9,5.2218,0.41603,0.00077174,0.00101478,,,,80
8,5.2209,0.41826,0.00078333,0.00102994,,,,81
8.1,5.22004,0.41876,0.00079495,0.00104512,,,,82
8.2,5.21925,0.41802,0.00080658,0.00106027,,,,83
8.3,5.2187,0.41752,0.00081818,0.0010754,,,,84
8.4,5.21796,0.39315,0.00082944,0.00108964,,,,85
8.5,5.21714,0.38168,0.0008402,0.00110347,,,,86
8.6,5.21655,0.38652,0.00085087,0.00111747,,,,87
8.7,5.21597,0.39136,0.00086168,0.00113164,,,,88
8.8,5.21503,0.39886,0.00087265,0.00114609,,,,89
8.9,5.2146,0.39166,0.00088363,0.00116027,,,,90
9,5.21467,0.40324,0.00089467,0.00117487,,,,91
9.1,5.21467,0.41429,0.00090603,0.00118988,,,,92
9.2,5.2146,0.41354,0.00091752,0.00120485,,,,93
9.3,5.21452,0.41379,0.00092901,0.00121983,,,,94
9.4,5.21452,0.41453,0.00094052,0.00123485,,,,95
9.5,5.21448,0.40355,0.00095188,0.00124946,,,,96
9.6,5.21444,0.40359,0.00096309,0.00126407,,,,97
9.7,5.21448,0.3919,0.00097414,0.00127826,,,,98
9.8,5.21448,0.39066,0.00098501,0.00129241,,,,99
9.9,5.2146,0.31332,0.00099479,0.00130376,,,,100
10,5.21522,0.33148,0.00100374,0.00131577,,,,101
10.1,5.21577,0.33197,0.00101296,0.00132779,,,,102
10.2,5.21663,0.33173,0.00102217,0.00133981,,,,103
10.3,5.21753,0.33173,0.00103139,0.00135183,,,,104
10.4,5.22915,0.32999,0.00104058,0.00136379,,,,105
10.5,5.2304,0.33869,0.00104987,0.0013761,,,,106
10.6,5.23165,0.33869,0.00105927,0.00138837,,,,107
10.7,5.22094,0.34589,0.00106878,0.00140092,,,,108
10.8,5.22172,0.33843,0.00107829,0.00141319,,,,109
10.9,5.22254,0.33093,0.00108758,0.00142519,,,,110
11,5.22266,0.3302,0.00109677,0.00143717,,,,111
11.1,5.22297,0.32717,0.0011059,0.00144904,,,,112
11.2,5.22289,0.32706,0.00111498,0.0014609,,,,113
11.3,5.22285,0.32708,0.00112407,0.00147276,,,,114
11.4,5.22277,0.37922,0.00113388,0.00148652,,,,115
11.5,5.22262,0.33018,0.00114373,0.00149849,,,,116
11.6,5.22238,0.31482,0.00115269,0.00150991,,,,117
11.7,5.22242,0.31506,0.00116144,0.00152133,,,,118
11.8,5.22242,0.31681,0.00117021,0.00153282,,,,119
11.9,5.22238,0.31954,0.00117905,0.00154441,,,,120
12,5.22238,0.33234,0.0011881,0.00155646,,,,121
12.1,5.22234,0.31681,0.00119712,0.00156795,,,,122
12.2,5.22246,0.39041,0.00120694,0.00158211,,,,123
12.3,5.22254,0.31581,0.00121675,0.00159357,,,,124
12.4,5.22258,0.31308,0.00122549,0.00160492,,,,125
12.5,5.22274,0.31308,0.00123418,0.00161628,,,,126
12.6,5.22313,0.32727,0.00124308,0.00162815,,,,127
12.7,5.22317,0.35734,0.00125259,0.00164111,,,,128
12.8,5.22297,0.31855,0.00126197,0.00165266,,,,129
12.9,5.22289,0.31631,0.00127079,0.00166414,,,,130
13,5.22301,0.31506,0.00127956,0.00167556,,,,131
13.1,5.22301,0.31482,0.00128831,0.00168698,,,,132
13.2,5.22305,0.33025,0.00129727,0.00169896,,,,133
13.3,5.22317,0.33023,0.00130644,0.00171094,,,,134
13.4,5.22305,0.33023,0.00131561,0.00172292,,,,135
13.5,5.22301,0.33022,0.00132479,0.0017349,,,,136
13.6,5.22305,0.33025,0.00133396,0.00174687,,,,137
13.7,5.22305,0.33025,0.00134313,0.00175885,,,,138
13.8,5.22313,0.32952,0.0013523,0.00177081,,,,139
13.9,5.2234,0.34789,0.0013617,0.00178342,,,,140
14,5.22344,0.33919,0.00137125,0.00179573,,,,141
14.1,5.22352,0.32714,0.0013805,0.0018076,,,,142
14.2,5.22348,0.3272,0.00138959,0.00181946,,,,143
14.3,5.22348,0.32728,0.00139868,0.00183134,,,,144
14.4,5.22356,0.3272,0.00140777,0.00184321,,,,145
14.5,5.2236,0.32723,0.00141686,0.00185508,,,,146
14.6,5.2236,0.33745,0.00142609,0.00186732,,,,147
14.7,5.22367,0.31432,0.00143514,0.00187872,,,,148
14.8,5.22367,0.32717,0.00144405,0.00189059,,,,149
14.9,5.22363,0.32723,0.00145314,0.00190246,,,,150
15,5.22363,0.32717,0.00146223,0.00191433,,,,151
15.1,5.22367,0.32711,0.00147132,0.00192619,,,,152
15.2,5.22371,0.31357,0.00148022,0.00193757,,,,153
15.3,5.22375,0.31208,0.00148891,0.00194889,,,,154
15.4,5.22371,0.31208,0.00149757,0.00196021,,,,155
15.5,5.22375,0.35187,0.0015068,0.00197297,,,,156
15.6,5.22336,0.32985,0.00151626,0.00198494,,,,157
15.7,5.22332,0.31929,0.00152528,0.00199652,,,,158
15.8,5.22324,0.31705,0.00153412,0.00200802,,,,159
15.9,5.22328,0.31631,0.00154292,0.00201949,,,,160
16,5.22324,0.31407,0.00155167,0.00203088,,,,161
16.1,5.22324,0.31482,0.00156041,0.0020423,,,,162
16.2,5.22313,0.31332,0.00156913,0.00205367,,,,163
16.3,5.22313,0.33041,0.00157807,0.00206565,,,,164
16.4,5.21287,0.33038,0.00158725,0.00207764,,,,165
16.5,5.22313,0.33032,0.00159642,0.00208962,,,,166
16.6,5.2234,0.32846,0.00160557,0.00210153,,,,167
16.7,5.22356,0.32728,0.00161468,0.00211341,,,,168
16.8,5.2236,0.34093,0.00162396,0.00212577,,,,169
16.9,5.2236,0.33943,0.00163341,0.00213809,,,,170
17,5.22363,0.3372,0.00164281,0.00215032,,,,171
17.1,5.22352,0.32717,0.00165204,0.00216218,,,,172
17.2,5.2234,0.3271,0.00166112,0.00217401,,,,173
17.3,5.22336,0.44288,0.00167182,0.00219007,,,,174
17.4,5.22258,0.38867,0.00168337,0.00220416,,,,175
17.5,5.22152,0.37624,0.00169399,0.0022178,,,,176
17.6,5.2209,0.33123,0.00170382,0.00222981,,,,177
17.7,5.22058,0.33197,0.00171303,0.00224185,,,,178
17.8,5.22058,0.31357,0.00172199,0.00225321,,,,179
17.9,5.22054,0.31382,0.00173071,0.00226459,,,,180
18,5.22043,0.31283,0.00173941,0.00227593,,,,181
18.1,5.22043,0.31308,0.0017481,0.00228728,,,,182
18.2,5.22054,0.31233,0.00175679,0.00229861,,,,183
18.3,5.22062,0.32476,0.00176564,0.00231038,,,,184
18.4,5.22066,0.32302,0.00177464,0.00232209,,,,185
18.5,5.22191,0.32103,0.00178358,0.00233374,,,,186
18.6,5.2225,0.31979,0.00179248,0.00234534,,,,187
18.7,5.22301,0.3183,0.00180134,0.00235688,,,,188
18.8,5.22305,0.31631,0.00181016,0.00236835,,,,189
18.9,5.22309,0.33017,0.00181914,0.00238033,,,,190
19,5.22317,0.33016,0.00182831,0.00239231,,,,191
19.1,5.22324,0.33016,0.00183748,0.00240428,,,,192
19.2,5.22328,0.33027,0.00184665,0.00241626,,,,193
19.3,5.22317,0.3303,0.00185583,0.00242824,,,,194
19.4,5.22356,0.32722,0.00186496,0.00244011,,,,195
19.5,5.2236,0.33794,0.0018742,0.00245237,,,,196
19.6,5.22371,0.33894,0.0018836,0.00246467,,,,197
19.7,5.22363,0.33993,0.00189303,0.002477,,,,198
19.8,5.22356,0.33919,0.00190246,0.0024893,,,,199
19.9,5.22356,0.32705,0.00191171,0.00250116,,,,200
20,5.22344,0.32698,0.0019208,0.00251303,,,,201
20.1,5.22352,0.32699,0.00192988,0.00252489,,,,202
20.2,5.22348,0.32706,0.00193896,0.00253675,,,,203
20.3,5.2234,0.32689,0.00194805,0.00254861,,,,204
20.4,5.22336,0.31382,0.00195694,0.00255999,,,,205
20.5,5.22336,0.31208,0.00196564,0.00257131,,,,206
20.6,5.22336,0.31407,0.00197433,0.0025827,,,,207
20.7,5.22336,0.39091,0.00198413,0.00259688,,,,208
20.8,5.22344,0.32695,0.0019941,0.00260874,,,,209
20.9,5.22336,0.32691,0.00200318,0.0026206,,,,210
21,5.2234,0.35386,0.00201263,0.00263344,,,,211
21.1,5.22317,0.31631,0.00202194,0.00264491,,,,212
21.2,5.22289,0.31357,0.00203069,0.00265628,,,,213
21.3,5.22297,0.31407,0.00203941,0.00266767,,,,214
21.4,5.22305,0.31407,0.00204813,0.00267907,,,,215
21.5,5.22309,0.3303,0.00205708,0.00269105,,,,216
21.6,5.22305,0.3303,0.00206625,0.00270303,,,,217
21.7,5.22301,0.33027,0.00207543,0.00271501,,,,218
21.8,5.22289,0.3303,0.0020846,0.00272699,,,,219
21.9,5.22289,0.32004,0.00209364,0.00273859,,,,220
22,5.22281,0.33026,0.00210267,0.00275057,,,,221
22.1,5.22277,0.32977,0.00211183,0.00276253,,,,222
22.2,5.2232,0.3372,0.0021211,0.00277476,,,,223
22.3,5.22317,0.32704,0.00213032,0.00278663,,,,224
22.4,5.22309,0.32722,0.00213941,0.00279849,,,,225
22.5,5.22301,0.32715,0.0021485,0.00281036,,,,226
22.6,5.22297,0.32711,0.00215759,0.00282223,,,,227
22.7,5.22293,0.32716,0.00216667,0.00283409,,,,228
22.8,5.22301,0.33819,0.00217591,0.00284636,,,,229
22.9,5.22305,0.33968,0.00218533,0.00285868,,,,230
23,5.22313,0.33894,0.00219475,0.00287097,,,,231
23.1,5.2232,0.32717,0.00220401,0.00288284,,,,232
23.2,5.22324,0.32714,0.00221309,0.00289471,,,,233
23.3,5.22324,0.32718,0.00222218,0.00290657,,,,234
23.4,5.22328,0.32728,0.00223127,0.00291845,,,,235
23.5,5.2232,0.32781,0.00224037,0.00293034,,,,236
23.6,5.22317,0.31332,0.00224927,0.00294172,,,,237
23.7,5.22317,0.31308,0.00225797,0.00295308,,,,238
23.8,5.2232,0.35038,0.00226719,0.00296579,,,,239
23.9,5.22289,0.31482,0.00227643,0.00297721,,,,240
24,5.22285,0.31855,0.00228522,0.00298876,,,,241
24.1,5.22277,0.31705,0.00229405,0.00300026,,,,242
24.2,5.22285,0.31407,0.00230282,0.00301165,,,,243
24.3,5.22277,0.31308,0.00231153,0.00302301,,,,244
24.4,5.22285,0.31332,0.00232023,0.00303437,,,,245
24.5,5.22297,0.31357,0.00232894,0.00304574,,,,246
24.6,5.22301,0.33013,0.00233788,0.00305772,,,,247
24.7,5.22313,0.32998,0.00234704,0.00306969,,,,248
24.8,5.22324,0.3178,0.00235604,0.00308122,,,,249
24.9,5.22344,0.32849,0.00236502,0.00309313,,,,250
25,5.22367,0.32704,0.00237412,0.00310497,,,,251
25.1,5.22352,0.39489,0.00238415,0.00311929,,,,252
25.2,5.22262,0.41155,0.00239535,0.00313422,,,,253
25.3,5.21162,0.41329,0.0024068,0.0031492,,,,254
25.4,5.22074,0.41404,0.0024183,0.00316421,,,,255
25.5,5.21984,0.4113,0.00242976,0.00317912,,,,256
25.6,5.21906,0.41329,0.00244121,0.00319409,,,,257
25.7,5.21816,0.39812,0.00245248,0.00320852,,,,258
25.8,5.21726,0.39439,0.00246349,0.0032228,,,,259
25.9,5.21628,0.388,0.00247435,0.00323686,,,,260
26,5.2153,0.39553,0.00248524,0.00325118,,,,261
26.1,5.21448,0.39141,0.00249617,0.00326535,,,,262
26.2,5.21448,0.40361,0.00250721,0.00327997,,,,263
26.3,5.21452,0.41826,0.00251862,0.00329511,,,,264
26.4,5.2146,0.41976,0.00253026,0.00331031,,,,265
26.5,5.2146,0.40359,0.0025417,0.00332493,,,,266
26.6,5.21456,0.44686,0.00255351,0.00334111,,,,267
26.7,5.2142,0.3924,0.00256517,0.00335532,,,,268
26.8,5.21417,0.39588,0.00257611,0.00336965,,,,269
26.9,5.21413,0.40661,0.00258726,0.00338438,,,,270
27,5.21409,0.40658,0.00259855,0.0033991,,,,271
27.1,5.22664,0.33595,0.00260887,0.0034113,,,,272
27.2,5.22539,0.32178,0.002618,0.00342295,,,,273
27.3,5.2329,0.3183,0.00262689,0.00343451,,,,274
27.4,5.21667,0.31855,0.00263574,0.00344605,,,,275
27.5,5.21734,0.36132,0.00264518,0.00345915,,,,276
27.6,5.2178,0.32004,0.00265464,0.00347075,,,,277
27.7,5.21898,0.31308,0.00266344,0.00348212,,,,278
27.8,5.21988,0.328,0.00267234,0.00349401,,,,279
27.9,5.22082,0.33446,0.00268154,0.00350614,,,,280
28,5.22176,0.34376,0.00269096,0.00351861,,,,281
28.1,5.22266,0.33623,0.00270041,0.0035308,,,,282
28.2,5.22317,0.33208,0.00270969,0.00354285,,,,283
28.3,5.22317,0.33212,0.00271891,0.00355489,,,,284
28.4,5.22305,0.33212,0.00272814,0.00356694,,,,285
28.5,5.22301,0.33149,0.00273736,0.00357896,,,,286
28.6,5.22344,0.32755,0.00274651,0.00359085,,,,287
28.7,5.22348,0.32724,0.0027556,0.00360272,,,,288
28.8,5.22336,0.31332,0.0027645,0.00361408,,,,289
28.9,5.22332,0.31357,0.00277321,0.00362545,,,,290
29,5.2232,0.31457,0.00278193,0.00363686,,,,291
29.1,5.22313,0.32715,0.00279084,0.00364873,,,,292
29.2,5.22301,0.375,0.0028006,0.00366233,,,,293
29.3,5.22293,0.3919,0.00281125,0.00367655,,,,294
29.4,5.22281,0.3284,0.00282125,0.00368846,,,,295
29.5,5.2227,0.33059,0.0028304,0.00370045,,,,296
29.6,5.2227,0.33051,0.00283959,0.00371243,,,,297
29.7,5.22274,0.33044,0.00284877,0.00372442,,,,298
29.8,5.22277,0.33064,0.00285795,0.00373641,,,,299
29.9,5.22285,0.33065,0.00286713,0.0037484,,,,300
30,5.22293,0.33058,0.00287632,0.00376039,,,,301
30.1,5.22305,0.33056,0.0028855,0.00377238,,,,302
30.2,5.22328,0.33062,0.00289468,0.00378438,,,,303
30.3,5.22332,0.33065,0.00290387,0.00379637,,,,304
30.4,5.22324,0.31606,0.00291285,0.00380784,,,,305
30.5,5.22352,0.31606,0.00292163,0.0038193,,,,306
30.6,5.22348,0.31556,0.0029304,0.00383075,,,,307
30.7,5.22344,0.31531,0.00293916,0.00384218,,,,308
30.8,5.2234,0.31482,0.00294791,0.0038536,,,,309
30.9,5.22352,0.32829,0.00295685,0.00386551,,,,310
31,5.22352,0.33894,0.00296611,0.00387781,,,,311
31.1,5.22344,0.32824,0.00297538,0.00388971,,,,312
31.2,5.22332,0.32832,0.0029845,0.00390162,,,,313
31.3,5.22324,0.32835,0.00299362,0.00391353,,,,314
31.4,5.2234,0.33794,0.00300287,0.00392579,,,,315
31.5,5.2234,0.32729,0.00301211,0.00393766,,,,316
31.6,5.2234,0.33745,0.00302134,0.0039499,,,,317
31.7,5.22344,0.32725,0.00303058,0.00396178,,,,318
31.8,5.22348,0.32723,0.00303967,0.00397364,,,,319
31.9,5.22328,0.3272,0.00304875,0.00398551,,,,320
32,5.22332,0.32726,0.00305784,0.00399738,,,,321
32.1,5.22328,0.35411,0.00306731,0.00401023,,,,322
32.2,5.22301,0.31656,0.00307662,0.00402171,,,,323
32.3,5.22285,0.31581,0.00308541,0.00403316,,,,324
32.4,5.22285,0.31681,0.00309419,0.00404465,,,,325
32.5,5.22281,0.33048,0.00310318,0.00405664,,,,326
32.6,5.22301,0.33041,0.00311236,0.0040686,,,,327
32.7,5.21162,0.42224,0.00312281,0.00408391,,,,328
32.8,5.22262,0.41553,0.00313445,0.00409898,,,,329
32.9,5.21162,0.41901,0.00314604,0.00411417,,,,330
33,5.22094,0.39365,0.00315733,0.00412844,,,,331
33.1,5.22004,0.38917,0.0031682,0.00414255,,,,332
33.2,5.21929,0.39464,0.00317909,0.00415685,,,,333
33.3,5.2187,0.39315,0.00319003,0.0041711,,,,334
33.4,5.21788,0.39738,0.00320101,0.00418549,,,,335
33.5,5.21702,0.39713,0.00321204,0.00419988,,,,336
33.6,5.21608,0.41528,0.00322333,0.00421492,,,,337
33.7,5.21522,0.41031,0.00323479,0.00422978,,,,338
33.8,5.21452,0.40359,0.0032461,0.00424439,,,,339
33.9,5.2146,0.40344,0.00325731,0.004259,,,,340
34,5.21456,0.3919,0.00326835,0.00427319,,,,341
34.1,5.21464,0.41478,0.00327956,0.00428821,,,,342
34.2,5.21471,0.41652,0.0032911,0.0043033,,,,343
34.3,5.21464,0.41851,0.0033027,0.00431845,,,,344
34.4,5.2146,0.4039,0.00331412,0.00433308,,,,345
34.5,5.21456,0.40401,0.00332534,0.00434771,,,,346
34.6,5.21456,0.40415,0.00333657,0.00436234,,,,347
34.7,5.21456,0.40428,0.0033478,0.00437698,,,,348
34.8,5.21452,0.33595,0.00335808,0.00438917,,,,349
34.9,5.21522,0.375,0.00336795,0.00440276,,,,350
35,5.21569,0.34068,0.00337789,0.0044151,,,,351
35.1,5.21647,0.31407,0.00338698,0.00442648,,,,352
35.2,5.21734,0.31332,0.0033957,0.00443783,,,,353
35.3,5.21827,0.31382,0.00340441,0.00444923,,,,354
35.4,5.21902,0.31432,0.00341313,0.00446063,,,,355
35.5,5.21984,0.31631,0.00342189,0.00447209,,,,356
35.6,5.22082,0.34931,0.00343114,0.00448476,,,,357
35.7,5.22168,0.34181,0.00344074,0.00449716,,,,358
35.8,5.2225,0.33411,0.00345012,0.00450928,,,,359
35.9,5.22277,0.3309,0.00345936,0.00452128,,,,360
36,5.22324,0.32818,0.00346851,0.00453318,,,,361
36.1,5.22317,0.32779,0.00347762,0.00454507,,,,362
36.2,5.22313,0.31382,0.00348654,0.00455645,,,,363
36.3,5.22317,0.31308,0.00349524,0.00456781,,,,364
36.4,5.22313,0.31457,0.00350396,0.00457922,,,,365
36.5,5.2232,0.31556,0.00351271,0.00459067,,,,366
36.6,5.22324,0.32707,0.00352164,0.00460253,,,,367
36.7,5.22332,0.33968,0.0035309,0.00461485,,,,368
36.8,5.22328,0.34167,0.00354036,0.00462724,,,,369
36.9,5.2234,0.34043,0.00354983,0.00463959,,,,370
37,5.22332,0.33745,0.00355925,0.00465183,,,,371
37.1,5.22348,0.32727,0.00356848,0.00466371,,,,372
37.2,5.22352,0.31308,0.00357737,0.00467506,,,,373
37.3,5.22356,0.31308,0.00358607,0.00468642,,,,374
37.4,5.22356,0.31332,0.00359477,0.00469779,,,,375
37.5,5.22375,0.31308,0.00360347,0.00470914,,,,376
37.6,5.22371,0.35361,0.00361273,0.00472197,,,,377
37.7,5.22356,0.34316,0.00362241,0.00473442,,,,378
37.8,5.22324,0.35659,0.00363213,0.00474735,,,,379
37.9,5.22324,0.34068,0.00364181,0.00475971,,,,380
38,5.22332,0.3303,0.00365113,0.00477169,,,,381
38.1,5.22332,0.33027,0.00366031,0.00478367,,,,382
38.2,5.22317,0.31407,0.00366925,0.00479506,,,,383
38.3,5.22313,0.31233,0.00367795,0.00480639,,,,384
38.4,5.22305,0.31382,0.00368665,0.00481777,,,,385
38.5,5.22281,0.31407,0.00369537,0.00482916,,,,386
38.6,5.22285,0.31407,0.0037041,0.00484055,,,,387
38.7,5.22281,0.31531,0.00371284,0.00485199,,,,388
38.8,5.2232,0.33769,0.00372191,0.00486424,,,,389
38.9,5.22328,0.33943,0.00373131,0.00487655,,,,390
39,5.22313,0.33968,0.00374074,0.00488887,,,,391
39.1,5.2232,0.33869,0.00375017,0.00490116,,,,392
39.2,5.22324,0.33794,0.00375956,0.00491342,,,,393
39.3,5.22317,0.31308,0.0037686,0.00492477,,,,394
39.4,5.22305,0.31357,0.00377731,0.00493615,,,,395
39.5,5.22309,0.31382,0.00378602,0.00494753,,,,396
39.6,5.22309,0.31308,0.00379473,0.00495888,,,,397
39.7,5.22305,0.31556,0.00380346,0.00497033,,,,398
39.8,5.22301,0.33794,0.00381254,0.00498259,,,,399
39.9,5.22297,0.33819,0.00382193,0.00499485,,,,400
40,5.22309,0.33968,0.00383134,0.00500717,,,,401
40.1,5.22305,0.34043,0.00384079,0.00501952,,,,402
40.2,5.22293,0.33943,0.00385023,0.00503183,,,,403
40.3,5.22305,0.33769,0.00385963,0.00504408,,,,404
40.4,5.22309,0.35087,0.0038692,0.00505681,,,,405
40.5,5.22289,0.31208,0.00387841,0.00506813,,,,406
40.6,5.22277,0.31357,0.0038871,0.0050795,,,,407
40.7,5.22274,0.31432,0.00389582,0.0050909,,,,408
40.8,5.2227,0.31581,0.00390457,0.00510235,,,,409
40.9,5.22277,0.33027,0.00391354,0.00511433,,,,410
41,5.22281,0.34043,0.00392286,0.00512668,,,,411
41.1,5.22285,0.33031,0.00393217,0.00513866,,,,412
41.2,5.22293,0.33034,0.00394135,0.00515064,,,,413
41.3,5.22297,0.33027,0.00395052,0.00516262,,,,414
41.4,5.22289,0.31308,0.00395946,0.00517398,,,,415
41.5,5.22297,0.31382,0.00396817,0.00518536,,,,416
41.6,5.22317,0.31506,0.0039769,0.00519679,,,,417
41.7,5.22313,0.31656,0.00398567,0.00520827,,,,418
41.8,5.22324,0.32796,0.00399462,0.00522017,,,,419
41.9,5.22336,0.33993,0.0040039,0.0052325,,,,420
42,5.22317,0.41205,0.00401434,0.00524744,,,,421
42.1,5.2232,0.33968,0.00402479,0.00525976,,,,422
42.2,5.22309,0.32802,0.00403406,0.00527166,,,,423
42.3,5.22301,0.32797,0.00404317,0.00528356,,,,424
42.4,5.22301,0.32803,0.00405228,0.00529545,,,,425
42.5,5.22317,0.31457,0.00406121,0.00530686,,,,426
42.6,5.2232,0.31631,0.00406997,0.00531834,,,,427
42.7,5.22324,0.3273,0.00407891,0.00533021,,,,428
42.8,5.22324,0.32723,0.004088,0.00534208,,,,429
42.9,5.2232,0.3271,0.00409709,0.00535394,,,,430
43,5.22336,0.33943,0.00410634,0.00536626,,,,431
43.1,5.2234,0.33794,0.00411575,0.00537851,,,,432
43.2,5.2234,0.37201,0.00412561,0.00539201,,,,433
43.3,5.22305,0.33026,0.00413537,0.00540399,,,,434
43.4,5.22305,0.3303,0.00414454,0.00541597,,,,435
43.5,5.22305,0.31382,0.00415349,0.00542735,,,,436
43.6,5.22297,0.31357,0.0041622,0.00543872,,,,437
43.7,5.22285,0.31581,0.00417094,0.00545018,,,,438
43.8,5.22285,0.31855,0.00417975,0.00546173,,,,439
43.9,5.22277,0.32004,0.00418862,0.00547334,,,,440
44,5.22274,0.33009,0.00419765,0.00548531,,,,441
44.1,5.22262,0.33014,0.00420682,0.00549728,,,,442
44.2,5.22254,0.33007,0.00421599,0.00550925,,,,443
44.3,5.22281,0.32762,0.00422512,0.00552114,,,,444
44.4,5.22289,0.32711,0.00423422,0.005533,,,,445
44.5,5.22293,0.31432,0.00424313,0.0055444,,,,446
44.6,5.22305,0.31631,0.00425189,0.00555588,,,,447
44.7,5.22309,0.31631,0.00426067,0.00556735,,,,448
44.8,5.22309,0.32713,0.00426961,0.00557921,,,,449
44.9,5.22313,0.32708,0.00427869,0.00559108,,,,450
45,5.22313,0.32721,0.00428778,0.00560295,,,,451
45.1,5.22317,0.33745,0.00429701,0.00561519,,,,452
45.2,5.22313,0.32707,0.00430624,0.00562705,,,,453
45.3,5.2232,0.3271,0.00431533,0.00563891,,,,454
45.4,5.22324,0.327,0.00432441,0.00565078,,,,455
45.5,5.22328,0.32701,0.0043335,0.00566264,,,,456
45.6,5.22328,0.32709,0.00434258,0.0056745,,,,457
45.7,5.2232,0.327,0.00435167,0.00568636,,,,458
45.8,5.22313,0.32695,0.00436075,0.00569822,,,,459
45.9,5.22305,0.36182,0.00437031,0.00571134,,,,460
46,5.22301,0.32779,0.00437989,0.00572323,,,,461
46.1,5.22266,0.33009,0.00438903,0.00573521,,,,462
46.2,5.22274,0.33024,0.0043982,0.00574718,,,,463
46.3,5.20911,0.33016,0.00440737,0.00575916,,,,464
46.4,5.22266,0.31979,0.0044164,0.00577076,,,,465
46.5,5.2227,0.31581,0.00442523,0.00578221,,,,466
46.6,5.2227,0.3301,0.0044342,0.00579418,,,,467
46.7,5.22277,0.33006,0.00444337,0.00580615,,,,468
46.8,5.22285,0.33018,0.00445254,0.00581813,,,,469
46.9,5.22297,0.33017,0.00446171,0.0058301,,,,470
47,5.22305,0.3301,0.00447088,0.00584208,,,,471
47.1,5.22344,0.32702,0.00448001,0.00585394,,,,472
47.2,5.2234,0.32704,0.00448909,0.0058658,,,,473
47.3,5.22336,0.31681,0.00449803,0.0058773,,,,474
47.4,5.22344,0.3648,0.0045075,0.00589048,,,,475
47.5,5.2041,0.45283,0.00451886,0.0059069,,,,476
47.6,5.22184,0.38817,0.00453054,0.00592098,,,,477
47.7,5.22121,0.33297,0.00454055,0.00593305,,,,478
47.8,5.22097,0.34746,0.00455,0.00594565,,,,479
47.9,5.22094,0.34733,0.00455965,0.00595824,,,,480
48,5.22097,0.34739,0.0045693,0.00597084,,,,481
48.1,5.22101,0.33496,0.00457878,0.00598298,,,,482
48.2,5.22097,0.31382,0.00458779,0.00599436,,,,483
48.3,5.22101,0.31357,0.0045965,0.00600573,,,,484
48.4,5.22109,0.31457,0.00460523,0.00601713,,,,485
48.5,5.22121,0.3183,0.00461402,0.00602868,,,,486
48.6,5.22227,0.32004,0.00462288,0.00604029,,,,487
48.7,5.22301,0.37674,0.00463256,0.00605395,,,,488
48.8,5.22305,0.32937,0.00464237,0.0060659,,,,489
48.9,5.22293,0.33042,0.00465153,0.00607788,,,,490
49,5.22281,0.33044,0.00466071,0.00608987,,,,491
49.1,5.22274,0.33033,0.00466989,0.00610185,,,,492
49.2,5.22262,0.3178,0.00467889,0.00611337,,,,493
49.3,5.2225,0.31904,0.00468773,0.00612494,,,,494
49.4,5.22242,0.33048,0.00469676,0.00613693,,,,495
49.5,5.22227,0.33041,0.00470593,0.00614891,,,,496
49.6,5.22219,0.33048,0.00471511,0.0061609,,,,497
49.7,5.22223,0.33051,0.00472429,0.00617288,,,,498
49.8,5.22242,0.32927,0.00473346,0.00618482,,,,499
49.9,5.22266,0.3274,0.00474258,0.0061967,,,,500
50,5.22266,0.32743,0.00475167,0.00620857,,,,501
50.1,5.2227,0.32731,0.00476077,0.00622044,,,,502
50.2,5.22266,0.32749,0.00476986,0.00623232,,,,503
50.3,5.22266,0.32749,0.00477896,0.0062442,,,,504
50.4,5.22281,0.32713,0.00478805,0.00625606,,,,505
50.5,5.22285,0.40732,0.00479825,0.00627084,,,,506
50.6,5.22281,0.32718,0.00480845,0.0062827,,,,507
50.7,5.22281,0.32706,0.00481754,0.00629457,,,,508
50.8,5.22281,0.32713,0.00482662,0.00630643,,,,509
50.9,5.22277,0.32719,0.00483571,0.0063183,,,,510
51,5.22274,0.32719,0.0048448,0.00633017,,,,511
51.1,5.2227,0.32727,0.00485389,0.00634204,,,,512
51.2,5.22289,0.31681,0.00486284,0.00635353,,,,513
51.3,5.22281,0.32711,0.00487178,0.00636539,,,,514
51.4,5.22293,0.32715,0.00488087,0.00637726,,,,515
51.5,5.22297,0.36405,0.00489047,0.00639046,,,,516
51.6,5.22262,0.33029,0.00490011,0.00640244,,,,517
51.7,5.22266,0.33022,0.00490928,0.00641442,,,,518
51.8,5.22266,0.3303,0.00491846,0.0064264,,,,519
51.9,5.22281,0.33038,0.00492763,0.00643838,,,,520
52,5.22277,0.33016,0.00493681,0.00645035,,,,521
52.1,5.22285,0.3302,0.00494598,0.00646233,,,,522
52.2,5.22277,0.33029,0.00495515,0.00647431,,,,523
52.3,5.22297,0.31308,0.00496409,0.00648566,,,,524
52.4,5.22285,0.31556,0.00497282,0.00649711,,,,525
52.5,5.22289,0.31606,0.00498159,0.00650857,,,,526
52.6,5.22317,0.3173,0.00499039,0.00652008,,,,527
52.7,5.22324,0.32723,0.00499934,0.00653195,,,,528
52.8,5.2232,0.34093,0.00500862,0.00654432,,,,529
52.9,5.22305,0.34068,0.00501809,0.00655668,,,,530
53,5.22301,0.33894,0.00502753,0.00656897,,,,531
53.1,5.22301,0.33943,0.00503695,0.00658128,,,,532
53.2,5.22301,0.33794,0.00504636,0.00659354,,,,533
53.3,5.22281,0.32785,0.0050556,0.00660543,,,,534
53.4,5.22297,0.31283,0.0050645,0.00661677,,,,535
53.5,5.22274,0.31308,0.0050732,0.00662813,,,,536
53.6,5.22274,0.31357,0.0050819,0.0066395,,,,537
53.7,5.22274,0.31308,0.0050906,0.00665086,,,,538
53.8,5.22293,0.31457,0.00509932,0.00666227,,,,539
53.9,5.22305,0.32812,0.00510825,0.00667417,,,,540
54,5.22301,0.32821,0.00511736,0.00668607,,,,541
54.1,5.22309,0.32815,0.00512648,0.00669798,,,,542
54.2,5.22297,0.32859,0.0051356,0.00670989,,,,543
54.3,5.22297,0.3292,0.00514473,0.00672183,,,,544
54.4,5.22262,0.3183,0.00515373,0.00673338,,,,545
54.5,5.22274,0.31482,0.00516252,0.0067448,,,,546
54.6,5.2227,0.31382,0.00517125,0.00675618,,,,547
54.7,5.22254,0.33076,0.0051802,0.00676817,,,,548
54.8,5.22246,0.3306,0.00518939,0.00678016,,,,549
54.9,5.22242,0.33069,0.00519858,0.00679216,,,,550
55,5.22234,0.33072,0.00520776,0.00680412,,,,551
55.1,5.22227,0.33063,0.00521695,0.00681611,,,,552
55.2,5.22211,0.40732,0.0052272,0.00683088,,,,553
55.3,5.22133,0.41304,0.00523859,0.00684585,,,,554
55.4,5.2209,0.40434,0.00524994,0.00686051,,,,555
55.5,5.22007,0.39887,0.0052611,0.00687497,,,,556
55.6,5.21933,0.39539,0.00527213,0.0068893,,,,557
55.7,5.21855,0.38693,0.005283,0.00690332,,,,558
55.8,5.21773,0.38942,0.00529378,0.00691743,,,,559
55.9,5.21694,0.39265,0.00530464,0.00693165,,,,560
56,5.2162,0.41802,0.0053159,0.00694679,,,,561
56.1,5.21542,0.41404,0.00532746,0.00696178,,,,562
56.2,5.21452,0.40222,0.00533879,0.00697635,,,,563
56.3,5.2144,0.40311,0.00534998,0.00699094,,,,564
56.4,5.2144,0.39265,0.00536103,0.00700516,,,,565
56.5,5.21444,0.403,0.00537208,0.00701976,,,,566
56.6,5.2144,0.40317,0.00538328,0.00703436,,,,567
56.7,5.2144,0.41553,0.00539465,0.0070494,,,,568
56.8,5.21448,0.40317,0.00540602,0.007064,,,,569
56.9,5.21452,0.4032,0.00541722,0.0070786,,,,570
57,5.21456,0.43691,0.00542889,0.00709442,,,,571
57.1,5.21428,0.40508,0.00544058,0.00710909,,,,572
57.2,5.22915,0.33421,0.00545085,0.00712119,,,,573
57.3,5.22539,0.34167,0.00546024,0.00713357,,,,574
57.4,5.21577,0.39437,0.00547046,0.00714785,,,,575
57.5,5.21616,0.36679,0.00548103,0.00716114,,,,576
57.6,5.21655,0.36132,0.00549114,0.00717423,,,,577
57.7,5.21683,0.32228,0.00550064,0.00718591,,,,578
57.8,5.2304,0.32899,0.00550968,0.00719783,,,,579
57.9,5.2182,0.33446,0.0055189,0.00720995,,,,580
58,5.21894,0.32675,0.00552808,0.0072218,,,,581
58.1,5.22,0.32153,0.00553709,0.00723346,,,,582
58.2,5.22109,0.31755,0.00554596,0.00724497,,,,583
58.3,5.22164,0.31606,0.00555476,0.00725643,,,,584
58.4,5.22152,0.31482,0.00556352,0.00726785,,,,585
58.5,5.22191,0.31233,0.00557223,0.00727917,,,,586
58.6,5.2225,0.33483,0.00558122,0.00729132,,,,587
58.7,5.22305,0.33032,0.00559046,0.0073033,,,,588
58.8,5.22332,0.32701,0.00559959,0.00731516,,,,589
58.9,5.22332,0.32699,0.00560867,0.00732702,,,,590
59,5.22336,0.39638,0.00561872,0.0073414,,,,591
59.1,5.22328,0.34665,0.00562904,0.00735398,,,,592
59.2,5.22328,0.32717,0.0056384,0.00736584,,,,593
59.3,5.2232,0.32717,0.00564749,0.00737771,,,,594
59.4,5.22313,0.32713,0.00565657,0.00738957,,,,595
59.5,5.22293,0.31656,0.00566551,0.00740106,,,,596
59.6,5.22285,0.32766,0.00567446,0.00741294,,,,597
59.7,5.22281,0.32762,0.00568356,0.00742482,,,,598
59.8,5.22285,0.36157,0.00569314,0.00743794,,,,599
59.9,5.22242,0.33059,0.00570275,0.00744993,,,,600
60,5.22238,0.33077,0.00571193,0.00746192,,,,601
60.1,5.22242,0.33078,0.00572112,0.00747392,,,,602
60.2,5.22242,0.33072,0.00573031,0.00748591,,,,603
60.3,5.22242,0.33054,0.00573949,0.0074979,,,,604
60.4,5.22242,0.33058,0.00574868,0.00750989,,,,605
60.5,5.2225,0.33011,0.00575785,0.00752186,,,,606
60.6,5.22266,0.33013,0.00576702,0.00753383,,,,607
60.7,5.22281,0.31407,0.00577597,0.00754523,,,,608
60.8,5.22274,0.31407,0.00578469,0.00755662,,,,609
60.9,5.22309,0.31382,0.00579341,0.007568,,,,610
61,5.22328,0.31556,0.00580216,0.00757945,,,,611
61.1,5.22332,0.31531,0.00581092,0.00759088,,,,612
61.2,5.22328,0.33844,0.00582,0.00760316,,,,613
61.3,5.22328,0.33943,0.00582941,0.00761547,,,,614
61.4,5.22324,0.33968,0.00583884,0.00762779,,,,615
61.5,5.22324,0.34043,0.00584829,0.00764014,,,,616
61.6,5.2232,0.34068,0.00585775,0.0076525,,,,617
61.7,5.22317,0.31506,0.00586686,0.00766393,,,,618
61.8,5.22309,0.31432,0.0058756,0.00767533,,,,619
61.9,5.22317,0.31432,0.00588433,0.00768673,,,,620
62,5.22317,0.31407,0.00589306,0.00769812,,,,621
62.1,5.22317,0.31407,0.00590178,0.00770951,,,,622
62.2,5.22309,0.32708,0.00591069,0.00772138,,,,623
62.3,5.22313,0.32706,0.00591977,0.00773324,,,,624
62.4,5.22313,0.32712,0.00592886,0.0077451,,,,625
62.5,5.22313,0.32717,0.00593795,0.00775697,,,,626
62.6,5.22309,0.32757,0.00594704,0.00776885,,,,627
62.7,5.22266,0.33013,0.00595617,0.00778082,,,,628
62.8,5.22266,0.41429,0.00596651,0.00779585,,,,629
62.9,5.2223,0.40807,0.00597793,0.00781065,,,,630
63,5.22144,0.40757,0.00598926,0.00782542,,,,631
63.1,5.22058,0.40011,0.00600048,0.00783993,,,,632
63.2,5.20911,0.39837,0.00601157,0.00785436,,,,633
63.3,5.21902,0.40459,0.00602272,0.00786903,,,,634
63.4,5.21824,0.40931,0.00603403,0.00788385,,,,635
63.5,5.21734,0.41329,0.00604545,0.00789883,,,,636
63.6,5.21644,0.41677,0.00605698,0.00791392,,,,637
63.7,5.21597,0.41503,0.00606853,0.00792895,,,,638
63.8,5.21514,0.39695,0.00607981,0.00794333,,,,639
63.9,5.2144,0.3934,0.00609079,0.00795757,,,,640
64,5.21444,0.40371,0.00610186,0.00797219,,,,641
64.1,5.21432,0.40376,0.00611307,0.00798681,,,,642
64.2,5.21436,0.40373,0.00612429,0.00800143,,,,643
64.3,5.21432,0.41627,0.00613568,0.00801651,,,,644
64.4,5.21436,0.40383,0.00614707,0.00803113,,,,645
64.5,5.21436,0.39091,0.00615811,0.00804528,,,,646
64.6,5.21444,0.3924,0.00616899,0.00805949,,,,647
64.7,5.21444,0.40376,0.00618004,0.00807411,,,,648
64.8,5.2144,0.40367,0.00619126,0.00808873,,,,649
64.9,5.2144,0.33073,0.00620146,0.00810073,,,,650
65,5.21514,0.31979,0.00621049,0.00811234,,,,651
65.1,5.21593,0.31432,0.0062193,0.00812373,,,,652
65.2,5.21679,0.31308,0.00622801,0.00813508,,,,653
65.3,5.21761,0.35112,0.00623724,0.0081478,,,,654
65.4,5.2182,0.33521,0.00624677,0.00815995,,,,655
65.5,5.21882,0.33521,0.00625608,0.0081721,,,,656
65.6,5.21968,0.33769,0.00626543,0.00818434,,,,657
65.7,5.22058,0.3493,0.00627497,0.00819701,,,,658
65.8,5.22144,0.34187,0.00628457,0.00820941,,,,659
65.9,5.22227,0.33439,0.00629396,0.00822153,,,,660
66,5.22266,0.31283,0.00630295,0.00823288,,,,661
66.1,5.22262,0.31506,0.00631167,0.00824431,,,,662
66.2,5.22262,0.31308,0.0063204,0.00825566,,,,663
66.3,5.22254,0.31308,0.00632909,0.00826702,,,,664
66.4,5.22266,0.31382,0.0063378,0.0082784,,,,665
66.5,5.22305,0.32692,0.0063467,0.00829026,,,,666
66.6,5.22301,0.32699,0.00635578,0.00830212,,,,667
66.7,5.22297,0.32695,0.00636486,0.00831397,,,,668
66.8,5.22297,0.32692,0.00637394,0.00832583,,,,669
66.9,5.22301,0.327,0.00638303,0.00833769,,,,670
67,5.22285,0.32699,0.00639211,0.00834955,,,,671
67.1,5.22285,0.32699,0.00640119,0.00836141,,,,672
67.2,5.22289,0.3271,0.00641028,0.00837328,,,,673
67.3,5.22289,0.32708,0.00641936,0.00838514,,,,674
67.4,5.22281,0.32698,0.00642845,0.008397,,,,675
67.5,5.22277,0.43965,0.0064391,0.00841294,,,,676
67.6,5.22246,0.35709,0.00645016,0.00842589,,,,677
67.7,5.22207,0.33215,0.00645973,0.00843794,,,,678
67.8,5.22207,0.33289,0.00646897,0.00845001,,,,679
67.9,5.22203,0.33292,0.00647822,0.00846208,,,,680
68,5.22215,0.40732,0.0064885,0.00847685,,,,681
68.1,5.20911,0.44562,0.00650035,0.00849301,,,,682
68.2,5.22027,0.40683,0.00651219,0.00850775,,,,683
68.3,5.21953,0.39762,0.00652336,0.00852216,,,,684
68.4,5.21882,0.39738,0.0065344,0.00853656,,,,685
68.5,5.21796,0.38992,0.00654533,0.00855069,,,,686
68.6,5.21734,0.3929,0.00655621,0.00856493,,,,687
68.7,5.21702,0.41802,0.00656747,0.00858007,,,,688
68.8,5.21612,0.41876,0.00657909,0.00859523,,,,689
68.9,5.21534,0.4113,0.00659062,0.00861013,,,,690
69,5.21444,0.40391,0.00660194,0.00862475,,,,691
69.1,5.21413,0.39588,0.00661305,0.00863909,,,,692
69.2,5.21436,0.40438,0.00662417,0.00865373,,,,693
69.3,5.21448,0.4032,0.00663538,0.00866833,,,,694
69.4,5.21432,0.41404,0.00664673,0.00868332,,,,695
69.5,5.21432,0.42896,0.00665844,0.00869886,,,,696
69.6,5.21428,0.40323,0.00667,0.00871346,,,,697
69.7,5.21424,0.40337,0.0066812,0.00872806,,,,698
69.8,5.21424,0.40329,0.00669241,0.00874267,,,,699
69.9,5.21428,0.40331,0.00670361,0.0087573,,,,700
70,5.22664,0.33421,0.00671385,0.0087694,,,,701
70.1,5.22539,0.33844,0.00672319,0.00878166,,,,702
70.2,5.2155,0.33943,0.00673261,0.00879396,,,,703
70.3,5.21628,0.31233,0.00674166,0.00880527,,,,704
70.4,5.21722,0.31357,0.00675035,0.00881666,,,,705
70.5,5.21796,0.31432,0.00675907,0.00882805,,,,706
70.6,5.21886,0.31581,0.00676783,0.0088395,,,,707
70.7,5.2196,0.3183,0.00677663,0.00885104,,,,708
70.8,5.22047,0.34864,0.0067859,0.00886368,,,,709
70.9,5.22129,0.34141,0.00679548,0.00887606,,,,710
71,5.2218,0.33666,0.0068049,0.00888827,,,,711
71.1,5.2225,0.33016,0.00681416,0.00890024,,,,712
71.2,5.22254,0.33009,0.00682333,0.00891222,,,,713
71.3,5.22258,0.33006,0.0068325,0.00892419,,,,714
71.4,5.22254,0.31332,0.00684143,0.00893555,,,,715
71.5,5.22246,0.31332,0.00685014,0.00894691,,,,716
71.6,5.22246,0.31382,0.00685885,0.00895829,,,,717
71.7,5.22258,0.31929,0.00686764,0.00896987,,,,718
71.8,5.22262,0.33051,0.00687667,0.00898186,,,,719
71.9,5.22254,0.34615,0.00688606,0.00899442,,,,720
72,5.22297,0.34118,0.00689561,0.00900679,,,,721
72.1,5.22301,0.33943,0.00690506,0.0090191,,,,722
72.2,5.22289,0.34565,0.00691458,0.00903164,,,,723
72.3,5.22297,0.34689,0.0069242,0.00904422,,,,724
72.4,5.22297,0.31581,0.0069334,0.00905568,,,,725
72.5,5.22301,0.31581,0.00694217,0.00906713,,,,726
72.6,5.22305,0.32737,0.00695111,0.00907903,,,,727
72.7,5.22297,0.31432,0.00696002,0.00909043,,,,728
72.8,5.22293,0.31357,0.00696874,0.0091018,,,,729
72.9,5.22293,0.31283,0.00697744,0.00911315,,,,730
73,5.22293,0.32736,0.00698633,0.00912502,,,,731
73.1,5.22281,0.32732,0.00699542,0.0091369,,,,732
73.2,5.22277,0.32721,0.00700452,0.00914876,,,,733
73.3,5.2227,0.32727,0.00701361,0.00916063,,,,734
73.4,5.22266,0.32721,0.0070227,0.0091725,,,,735
73.5,5.22266,0.32706,0.00703178,0.00918436,,,,736
73.6,5.22258,0.36952,0.00704146,0.00919776,,,,737
73.7,5.22246,0.32861,0.00705115,0.00920968,,,,738
73.8,5.22227,0.33015,0.0070603,0.00922165,,,,739
73.9,5.22219,0.3302,0.00706947,0.00923363,,,,740
74,5.22211,0.31457,0.00707843,0.00924504,,,,741
74.1,5.22215,0.31581,0.00708718,0.00925649,,,,742
74.2,5.22215,0.31506,0.00709595,0.00926791,,,,743
74.3,5.22215,0.31631,0.00710472,0.00927939,,,,744
74.4,5.22223,0.31556,0.00711349,0.00929083,,,,745
74.5,5.22223,0.33006,0.00712246,0.0093028,,,,746
74.6,5.22223,0.33009,0.00713163,0.00931477,,,,747
74.7,5.22219,0.33968,0.00714093,0.00932709,,,,748
74.8,5.22246,0.34167,0.00715039,0.00933948,,,,749
74.9,5.2225,0.33993,0.00715986,0.00935181,,,,750
75,5.22254,0.32704,0.00716912,0.00936367,,,,751
75.1,5.22258,0.31606,0.00717805,0.00937513,,,,752
75.2,5.22258,0.32705,0.00718699,0.00938699,,,,753
75.3,5.22254,0.31656,0.00719593,0.00939848,,,,754
75.4,5.22246,0.31705,0.00720473,0.00940997,,,,755
75.5,5.22246,0.31606,0.00721352,0.00942144,,,,756
75.6,5.22242,0.32711,0.00722245,0.0094333,,,,757
75.7,5.2225,0.32711,0.00723154,0.00944516,,,,758
75.8,5.22258,0.3272,0.00724063,0.00945703,,,,759
75.9,5.22258,0.32702,0.00724971,0.00946889,,,,760
76,5.22262,0.39812,0.00725978,0.00948333,,,,761
76.1,5.22262,0.39961,0.00727086,0.00949782,,,,762
76.2,5.22262,0.34068,0.00728115,0.00951018,,,,763
76.3,5.22266,0.33943,0.00729059,0.00952249,,,,764
76.4,5.22277,0.37748,0.00730055,0.00953618,,,,765
76.5,5.22246,0.32964,0.00731037,0.00954813,,,,766
76.6,5.22242,0.31432,0.00731931,0.00955953,,,,767
76.7,5.22242,0.31407,0.00732804,0.00957092,,,,768
76.8,5.22242,0.31407,0.00733677,0.00958231,,,,769
76.9,5.22234,0.31283,0.00734547,0.00959366,,,,770
77,5.2223,0.31283,0.00735416,0.009605,,,,771
77.1,5.22234,0.33019,0.00736309,0.00961698,,,,772
77.2,5.22227,0.33017,0.00737226,0.00962895,,,,773
77.3,5.22242,0.33019,0.00738144,0.00964093,,,,774
77.4,5.2225,0.33027,0.00739061,0.00965291,,,,775
77.5,5.2227,0.32896,0.00739977,0.00966484,,,,776
77.6,5.22293,0.38867,0.00740973,0.00967891,,,,777
77.7,5.2225,0.40981,0.00742082,0.00969376,,,,778
77.8,5.22121,0.40334,0.00743212,0.00970839,,,,779
77.9,5.20911,0.4021,0.0074433,0.00972296,,,,780
78,5.21949,0.39389,0.00745436,0.00973724,,,,781
78.1,5.21859,0.3924,0.00746528,0.00975145,,,,782
78.2,5.21769,0.41503,0.00747649,0.00976649,,,,783
78.3,5.21679,0.41951,0.00748808,0.00978168,,,,784
78.4,5.21585,0.41926,0.00749973,0.00979687,,,,785
78.5,5.21507,0.41304,0.00751129,0.00981182,,,,786
78.6,5.21417,0.40619,0.00752267,0.00982653,,,,787
78.7,5.21358,0.39837,0.00753385,0.00984095,,,,788
78.8,5.21393,0.40696,0.00754503,0.00985569,,,,789
78.9,5.21389,0.40697,0.00755634,0.00987043,,,,790
79,5.21389,0.41876,0.0075678,0.00988559,,,,791
79.1,5.21385,0.41976,0.00757945,0.00990079,,,,792
79.2,5.21381,0.40713,0.00759093,0.00991553,,,,793
79.3,5.2135,0.39588,0.00760209,0.00992986,,,,794
79.4,5.21346,0.40988,0.00761328,0.0099447,,,,795
79.5,5.21346,0.40995,0.00762467,0.00995954,,,,796
79.6,5.2135,0.41,0.00763605,0.00997438,,,,797
79.7,5.2135,0.40987,0.00764744,0.00998922,,,,798
79.8,5.2135,0.39464,0.00765861,0.01000351,,,,799
79.9,5.2135,0.3929,0.00766955,0.01001774,,,,800
80,5.21354,0.39439,0.00768049,0.01003202,,,,801
80.1,5.22664,0.39937,0.00769151,0.01004647,,,,802
80.2,5.21362,0.41,0.00770275,0.01006132,,,,803
80.3,5.21389,0.43368,0.00771447,0.01007702,,,,804
80.4,5.21389,0.40697,0.00772615,0.01009176,,,,805
80.5,5.21389,0.39315,0.00773726,0.01010599,,,,806
80.6,5.21393,0.3934,0.00774818,0.01012024,,,,807
80.7,5.21397,0.39663,0.00775916,0.0101346,,,,808
80.8,5.21401,0.41727,0.00777046,0.01014971,,,,809
80.9,5.21405,0.40707,0.00778191,0.01016445,,,,810
81,5.21413,0.40706,0.00779322,0.01017919,,,,811
81.1,5.21413,0.39439,0.00780435,0.01019347,,,,812
81.2,5.21409,0.39365,0.00781529,0.01020772,,,,813
81.3,5.21405,0.40711,0.00782641,0.01022246,,,,814
81.4,5.21401,0.42,0.0078379,0.01023767,,,,815
81.5,5.21413,0.40707,0.00784939,0.01025241,,,,816
81.6,5.21413,0.4071,0.0078607,0.01026715,,,,817
81.7,5.21413,0.39588,0.00787185,0.01028148,,,,818
81.8,5.21413,0.3924,0.0078828,0.01029569,,,,819
81.9,5.21405,0.45208,0.00789453,0.01031206,,,,820
82,5.21385,0.42075,0.00790665,0.01032729,,,,821
82.1,5.21366,0.41021,0.00791819,0.01034215,,,,822
82.2,5.2137,0.41025,0.00792959,0.010357,,,,823
82.3,5.2137,0.39738,0.0079408,0.01037139,,,,824
82.4,5.21374,0.41024,0.00795202,0.01038624,,,,825
82.5,5.2137,0.41028,0.00796342,0.0104011,,,,826
82.6,5.2137,0.41023,0.00797481,0.01041595,,,,827
82.7,5.21366,0.33794,0.0079852,0.01042819,,,,828
82.8,5.2146,0.33297,0.00799452,0.01044025,,,,829
82.9,5.21546,0.31581,0.00800353,0.01045169,,,,830
83,5.21636,0.31705,0.00801232,0.01046317,,,,831
83.1,5.21749,0.31929,0.00802116,0.01047474,,,,832
83.2,5.21839,0.32252,0.00803007,0.01048643,,,,833
83.3,5.21921,0.36067,0.00803956,0.01049951,,,,834
83.4,5.22004,0.32849,0.00804913,0.01051142,,,,835
83.5,5.22078,0.33123,0.0080583,0.01052343,,,,836
83.6,5.22164,0.338,0.00806759,0.01053569,,,,837
83.7,5.22246,0.33019,0.00807687,0.01054766,,,,838
83.8,5.22262,0.32793,0.00808601,0.01055956,,,,839
83.9,5.22258,0.32788,0.00809512,0.01057145,,,,840
84,5.2227,0.31581,0.00810406,0.0105829,,,,841
84.1,5.22266,0.31631,0.00811284,0.01059437,,,,842
84.2,5.22262,0.3173,0.00812164,0.01060588,,,,843
84.3,5.2227,0.31606,0.00813044,0.01061734,,,,844
84.4,5.22274,0.31705,0.00813923,0.01062884,,,,845
84.5,5.22297,0.38047,0.00814892,0.01064264,,,,846
84.6,5.22297,0.41404,0.00815995,0.01065766,,,,847
84.7,5.22293,0.37848,0.00817096,0.01067139,,,,848
84.8,5.22262,0.34043,0.00818095,0.01068374,,,,849
84.9,5.22254,0.34093,0.00819041,0.0106961,,,,850
85,5.22258,0.33051,0.00819973,0.01070809,,,,851
85.1,5.22266,0.31407,0.00820869,0.01071948,,,,852
85.2,5.22262,0.39041,0.00821847,0.01073361,,,,853
85.3,5.2218,0.39116,0.00822933,0.01074779,,,,854
85.4,5.22097,0.39141,0.0082402,0.01076198,,,,855
85.5,5.22,0.3929,0.00825109,0.01077622,,,,856
85.6,5.21917,0.41702,0.00826234,0.01079133,,,,857
85.7,5.21831,0.41976,0.00827396,0.01080654,,,,858
85.8,5.21773,0.41429,0.00828554,0.01082155,,,,859
85.9,5.21706,0.40931,0.00829698,0.01083638,,,,860
86,5.21624,0.39986,0.00830822,0.01085086,,,,861
86.1,5.21538,0.39434,0.00831925,0.01086514,,,,862
86.2,5.21448,0.40179,0.00833031,0.01087969,,,,863
86.3,5.2144,0.40309,0.00834149,0.01089428,,,,864
86.4,5.21432,0.41702,0.00835288,0.01090938,,,,865
86.5,5.21432,0.40315,0.00836427,0.01092398,,,,866
86.6,5.21432,0.40303,0.00837547,0.01093858,,,,867
86.7,5.21432,0.40308,0.00838666,0.01095317,,,,868
86.8,5.21424,0.40315,0.00839786,0.01096777,,,,869
86.9,5.21424,0.40316,0.00840906,0.01098237,,,,870
87,5.21424,0.40319,0.00842026,0.01099697,,,,871
87.1,5.21436,0.41876,0.00843167,0.01101213,,,,872
87.2,5.22539,0.31308,0.00844184,0.0110235,,,,873
87.3,5.22539,0.31407,0.00845055,0.01103488,,,,874
87.4,5.22915,0.31556,0.00845929,0.01104631,,,,875
87.5,5.21651,0.40135,0.00846925,0.01106085,,,,876
87.6,5.22664,0.32476,0.00847934,0.01107261,,,,877
87.7,5.21745,0.33123,0.00848845,0.01108462,,,,878
87.8,5.22915,0.33048,0.00849764,0.0110966,,,,879
87.9,5.22915,0.32874,0.00850679,0.01110851,,,,880
88,5.21996,0.32427,0.00851586,0.01112027,,,,881
88.1,5.22074,0.32004,0.00852481,0.01113187,,,,882
88.2,5.22148,0.31879,0.00853368,0.01114343,,,,883
88.3,5.22203,0.32078,0.00854257,0.01115507,,,,884
88.4,5.22199,0.32153,0.00855149,0.01116673,,,,885
88.5,5.22203,0.32476,0.00856046,0.01117851,,,,886
88.6,5.22266,0.3294,0.00856955,0.01119045,,,,887
88.7,5.22277,0.32719,0.00857867,0.01120232,,,,888
88.8,5.22281,0.39389,0.00858868,0.01121661,,,,889
88.9,5.22285,0.34565,0.00859896,0.01122914,,,,890
89,5.22285,0.32722,0.0086083,0.01124101,,,,891
89.1,5.22285,0.32728,0.00861739,0.01125288,,,,892
89.2,5.22277,0.32804,0.00862649,0.01126478,,,,893
89.3,5.22277,0.32788,0.0086356,0.01127667,,,,894
89.4,5.22289,0.31332,0.00864451,0.01128803,,,,895
89.5,5.22285,0.31332,0.00865321,0.0112994,,,,896
89.6,5.22277,0.31382,0.00866192,0.01131078,,,,897
89.7,5.22281,0.31308,0.00867063,0.01132214,,,,898
89.8,5.22274,0.31407,0.00867934,0.01133353,,,,899
89.9,5.22274,0.31432,0.00868807,0.01134493,,,,900
90,5.2227,0.32926,0.00869701,0.01135687,,,,901
90.1,5.22277,0.32935,0.00870615,0.01136881,,,,902
90.2,5.22281,0.3745,0.00871593,0.0113824,,,,903
90.3,5.22266,0.32979,0.00872571,0.01139436,,,,904
90.4,5.22242,0.33179,0.0087349,0.01140639,,,,905
90.5,5.22242,0.31705,0.00874391,0.01141789,,,,906
90.6,5.22258,0.31531,0.00875269,0.01142932,,,,907
90.7,5.22258,0.31506,0.00876145,0.01144075,,,,908
90.8,5.22266,0.31482,0.0087702,0.01145217,,,,909
90.9,5.2227,0.31357,0.00877892,0.01146354,,,,910
91,5.22277,0.31382,0.00878764,0.01147492,,,,911
91.1,5.22277,0.33019,0.00879658,0.0114869,,,,912
91.2,5.22266,0.33023,0.00880576,0.01149888,,,,913
91.3,5.2227,0.33002,0.00881493,0.01151085,,,,914
91.4,5.22309,0.32716,0.00882405,0.01152271,,,,915
91.5,5.22309,0.32711,0.00883314,0.01153458,,,,916
91.6,5.22309,0.32709,0.00884223,0.01154644,,,,917
91.7,5.22305,0.32714,0.00885131,0.01155831,,,,918
91.8,5.22297,0.3272,0.0088604,0.01157018,,,,919
91.9,5.22293,0.32715,0.00886949,0.01158204,,,,920
92,5.22297,0.32718,0.00887858,0.01159391,,,,921
92.1,5.22293,0.32718,0.00888767,0.01160578,,,,922
92.2,5.22297,0.31332,0.00889656,0.01161714,,,,923
92.3,5.22305,0.31332,0.00890526,0.0116285,,,,924
92.4,5.22309,0.31382,0.00891397,0.01163989,,,,925
92.5,5.22309,0.31457,0.0089227,0.01165127,,,,926
92.6,5.22309,0.31407,0.00893143,0.01166267,,,,927
92.7,5.22301,0.32713,0.00894034,0.01167453,,,,928
92.8,5.22309,0.32707,0.00894943,0.0116864,,,,929
92.9,5.21162,0.41826,0.00895978,0.01170153,,,,930
93,5.22293,0.45283,0.00897188,0.01171795,,,,931
93.1,5.21162,0.41851,0.00898398,0.01173312,,,,932
93.2,5.22097,0.3929,0.00899525,0.01174736,,,,933
93.3,5.22007,0.39141,0.00900614,0.01176155,,,,934
93.4,5.21921,0.38743,0.00901696,0.01177559,,,,935
93.5,5.21835,0.39265,0.00902779,0.01178982,,,,936
93.6,5.21741,0.39389,0.00903872,0.01180409,,,,937
93.7,5.21667,0.40086,0.00904975,0.01181861,,,,938
93.8,5.21589,0.40931,0.00906101,0.01183343,,,,939
93.9,5.2151,0.39902,0.00907223,0.01184788,,,,940
94,5.21424,0.39514,0.00908326,0.01186219,,,,941
94.1,5.21448,0.39166,0.00909419,0.01187637,,,,942
94.2,5.21452,0.39141,0.00910507,0.01189054,,,,943
94.3,5.21452,0.41652,0.00911629,0.01190563,,,,944
94.4,5.21452,0.41578,0.00912785,0.01192068,,,,945
94.5,5.21456,0.40343,0.00913923,0.01193529,,,,946
94.6,5.21448,0.40352,0.00915043,0.0119499,,,,947
94.7,5.21444,0.39215,0.00916148,0.0119641,,,,948
94.8,5.21448,0.39116,0.00917236,0.01197827,,,,949
94.9,5.21436,0.40376,0.0091834,0.01199292,,,,950
95,5.22539,0.33968,0.00919373,0.01200522,,,,951
95.1,5.22539,0.3362,0.00920312,0.0120174,,,,952
95.2,5.21577,0.33098,0.00921238,0.01202939,,,,953
95.3,5.21663,0.32949,0.00922156,0.01204133,,,,954
95.4,5.21753,0.31606,0.00923052,0.01205278,,,,955
95.5,5.21835,0.31855,0.00923934,0.01206433,,,,956
95.6,5.21929,0.32004,0.00924821,0.01207593,,,,957
95.7,5.22011,0.32352,0.00925714,0.01208766,,,,958
95.8,5.2209,0.36356,0.00926669,0.01210084,,,,959
95.9,5.22137,0.3425,0.00927649,0.01211326,,,,960
96,5.22223,0.335,0.0092859,0.01212541,,,,961
96.1,5.22266,0.33067,0.00929515,0.0121374,,,,962
96.2,5.22254,0.33071,0.00930433,0.0121494,,,,963
96.3,5.2225,0.33078,0.00931352,0.01216139,,,,964
96.4,5.22242,0.33074,0.00932271,0.01217339,,,,965
96.5,5.2225,0.31482,0.00933168,0.01218481,,,,966
96.6,5.22246,0.31656,0.00934045,0.01219629,,,,967
96.7,5.22242,0.31631,0.00934924,0.01220776,,,,968
96.8,5.22238,0.31705,0.00935803,0.01221926,,,,969
96.9,5.2227,0.32758,0.00936698,0.01223114,,,,970
97,5.22281,0.33968,0.00937625,0.01224346,,,,971
97.1,5.22289,0.34068,0.0093857,0.01225581,,,,972
97.2,5.22289,0.33993,0.00939515,0.01226814,,,,973
97.3,5.22285,0.39812,0.00940541,0.01228258,,,,974
97.4,5.22281,0.34764,0.00941576,0.01229522,,,,975
97.5,5.22285,0.34043,0.00942532,0.01230756,,,,976
97.6,5.22285,0.31407,0.00943441,0.01231895,,,,977
97.7,5.22277,0.31482,0.00944314,0.01233037,,,,978
97.8,5.22293,0.31233,0.00945186,0.0123417,,,,979
97.9,5.22297,0.31208,0.00946053,0.01235302,,,,980
98,5.22301,0.31233,0.0094692,0.01236435,,,,981
98.1,5.22297,0.32724,0.00947808,0.01237622,,,,982
98.2,5.22301,0.3272,0.00948717,0.01238809,,,,983
98.3,5.22317,0.32721,0.00949626,0.01239996,,,,984
98.4,5.22324,0.32703,0.00950535,0.01241182,,,,985
98.5,5.2232,0.37201,0.00951506,0.01242531,,,,986
98.6,5.22301,0.32796,0.00952478,0.01243721,,,,987
98.7,5.22293,0.33017,0.00953392,0.01244918,,,,988
98.8,5.22297,0.33021,0.00954309,0.01246116,,,,989
98.9,5.22293,0.33017,0.00955226,0.01247313,,,,990
99,5.22285,0.33014,0.00956143,0.01248511,,,,991
99.1,5.22285,0.33031,0.00957061,0.01249709,,,,992
99.2,5.22274,0.31606,0.00957958,0.01250855,,,,993
99.3,5.22262,0.3173,0.00958838,0.01252006,,,,994
99.4,5.2225,0.3173,0.00959719,0.01253157,,,,995
99.5,5.22266,0.3173,0.00960601,0.01254307,,,,996
99.6,5.22266,0.31979,0.00961486,0.01255467,,,,997
99.7,5.22281,0.34043,0.00962403,0.01256702,,,,998
99.8,5.22277,0.33968,0.00963347,0.01257934,,,,999
99.9,5.22274,0.34043,0.00964292,0.01259169,,,,1000
100,5.22266,0.33844,0.00965235,0.01260396,,,,1001
100.1,5.22266,0.33794,0.00966174,0.01261622,,,,1002
100.2,5.22258,0.32724,0.00967098,0.01262809,,,,1003
100.3,5.22266,0.31283,0.00967987,0.01263943,,,,1004
100.4,5.2227,0.31382,0.00968857,0.01265081,,,,1005
100.5,5.22258,0.31407,0.00969729,0.01266221,,,,1006
100.6,5.22262,0.31357,0.00970601,0.01267358,,,,1007
100.7,5.22262,0.31382,0.00971473,0.01268496,,,,1008
100.8,5.22266,0.32716,0.00972363,0.01269682,,,,1009
100.9,5.22262,0.32716,0.00973272,0.01270869,,,,1010
101,5.22262,0.32719,0.0097418,0.01272056,,,,1011
101.1,5.22274,0.33819,0.00975105,0.01273282,,,,1012
101.2,5.2227,0.33769,0.00976043,0.01274507,,,,1013
101.3,5.22258,0.35436,0.00977004,0.01275792,,,,1014
101.4,5.22238,0.31581,0.00977935,0.01276937,,,,1015
101.5,5.22223,0.31531,0.00978812,0.01278081,,,,1016
101.6,5.2223,0.38345,0.00979782,0.01279472,,,,1017
101.7,5.22234,0.31382,0.00980751,0.0128061,,,,1018
101.8,5.22223,0.31233,0.0098162,0.01281742,,,,1019
101.9,5.2223,0.33074,0.00982514,0.01282942,,,,1020
102,5.22242,0.33076,0.00983432,0.01284141,,,,1021
102.1,5.22242,0.33076,0.00984351,0.01285341,,,,1022
102.2,5.22254,0.33082,0.0098527,0.01286541,,,,1023
102.3,5.22258,0.33082,0.00986189,0.01287741,,,,1024
102.4,5.22266,0.31506,0.00987086,0.01288883,,,,1025
102.5,5.22289,0.31382,0.00987959,0.01290022,,,,1026
102.6,5.22289,0.31308,0.0098883,0.01291157,,,,1027
102.7,5.22293,0.31283,0.00989699,0.01292292,,,,1028
102.8,5.22289,0.31283,0.00990568,0.01293426,,,,1029
102.9,5.22297,0.32708,0.00991457,0.01294613,,,,1030
103,5.22289,0.32717,0.00992366,0.01295799,,,,1031
103.1,5.22274,0.32793,0.00993276,0.01296989,,,,1032
103.2,5.2227,0.32796,0.00994187,0.01298178,,,,1033
103.3,5.2227,0.34167,0.00995117,0.01299417,,,,1034
103.4,5.2227,0.33993,0.00996063,0.0130065,,,,1035
103.5,5.2227,0.31581,0.00996974,0.01301796,,,,1036
103.6,5.22258,0.3173,0.00997853,0.01302946,,,,1037
103.7,5.22258,0.31407,0.0099873,0.01304086,,,,1038
103.8,5.22258,0.31233,0.009996,0.01305218,,,,1039
103.9,5.22266,0.31332,0.01000469,0.01306355,,,,1040
104,5.22266,0.32793,0.0100136,0.01307544,,,,1041
104.1,5.22281,0.37276,0.01002333,0.01308896,,,,1042
104.2,5.22246,0.33074,0.0100331,0.01310095,,,,1043
104.3,5.22258,0.34142,0.01004244,0.01311334,,,,1044
104.4,5.22258,0.33116,0.01005178,0.01312535,,,,1045
104.5,5.22266,0.33121,0.01006098,0.01313736,,,,1046
104.6,5.22266,0.33121,0.01007018,0.01314937,,,,1047
104.7,5.22262,0.31308,0.01007913,0.01316073,,,,1048
104.8,5.22258,0.33165,0.01008808,0.01317276,,,,1049
104.9,5.2225,0.31332,0.01009704,0.01318412,,,,1050
105,5.22254,0.31357,0.01010575,0.01319549,,,,1051
105.1,5.2225,0.33165,0.01011471,0.01320752,,,,1052
105.2,5.22274,0.32929,0.01012389,0.01321946,,,,1053
105.3,5.22277,0.33943,0.01013317,0.01323177,,,,1054
105.4,5.22289,0.33968,0.01014261,0.01324409,,,,1055
105.5,5.22293,0.33894,0.01015203,0.01325639,,,,1056
105.6,5.22289,0.31382,0.0101611,0.01326777,,,,1057
105.7,5.22293,0.31332,0.01016981,0.01327913,,,,1058
105.8,5.21036,0.32769,0.01017871,0.01329102,,,,1059
105.9,5.22309,0.32737,0.01018781,0.01330289,,,,1060
106,5.22297,0.31457,0.01019673,0.0133143,,,,1061
106.1,5.22301,0.31681,0.01020549,0.0133258,,,,1062
106.2,5.22301,0.34093,0.01021463,0.01333816,,,,1063
106.3,5.22297,0.33943,0.01022408,0.01335047,,,,1064
106.4,5.22293,0.33968,0.01023351,0.01336279,,,,1065
106.5,5.22305,0.33819,0.01024293,0.01337506,,,,1066
106.6,5.22301,0.32714,0.01025217,0.01338693,,,,1067
106.7,5.22305,0.31283,0.01026106,0.01339827,,,,1068
106.8,5.22301,0.32723,0.01026995,0.01341014,,,,1069
106.9,5.22301,0.31357,0.01027885,0.01342151,,,,1070
107,5.22293,0.31482,0.01028757,0.01343293,,,,1071
107.1,5.22313,0.31407,0.01029631,0.01344432,,,,1072
107.2,5.2232,0.33013,0.01030525,0.0134563,,,,1073
107.3,5.22324,0.33016,0.01031443,0.01346828,,,,1074
107.4,5.22336,0.34689,0.01032383,0.01348086,,,,1075
107.5,5.22336,0.33063,0.01033324,0.01349285,,,,1076
107.6,5.22336,0.33059,0.01034242,0.01350481,,,,1077
107.7,5.20661,0.42175,0.01035287,0.01352006,,,,1078
107.8,5.22277,0.36977,0.01036386,0.01353347,,,,1079
107.9,5.22156,0.35809,0.01037397,0.01354645,,,,1080
108,5.22129,0.31432,0.01038331,0.01355785,,,,1081
108.1,5.22086,0.31656,0.01039208,0.01356933,,,,1082
108.2,5.22078,0.32103,0.01040093,0.01358097,,,,1083
108.3,5.22078,0.33745,0.01041008,0.0135932,,,,1084
108.4,5.22062,0.33222,0.01041938,0.01360525,,,,1085
108.5,5.22062,0.33048,0.01042858,0.01361723,,,,1086
108.6,5.22054,0.32974,0.01043775,0.01362918,,,,1087
108.7,5.22047,0.32526,0.01044685,0.01364097,,,,1088
108.8,5.22074,0.31855,0.01045579,0.01365252,,,,1089
108.9,5.22203,0.31954,0.01046465,0.01366411,,,,1090
109,5.22258,0.33075,0.01047368,0.01367611,,,,1091
109.1,5.22293,0.32686,0.01048282,0.01368797,,,,1092
109.2,5.22297,0.32691,0.0104919,0.01369982,,,,1093
109.3,5.22285,0.32689,0.01050098,0.01371168,,,,1094
109.4,5.22285,0.32695,0.01051006,0.01372354,,,,1095
109.5,5.22285,0.32698,0.01051914,0.0137354,,,,1096
109.6,5.22301,0.35933,0.01052867,0.01374843,,,,1097
109.7,5.22277,0.31855,0.01053809,0.01375998,,,,1098
109.8,5.22277,0.31531,0.01054689,0.01377142,,,,1099
109.9,5.22293,0.33013,0.01055586,0.01378339,,,,1100
110,5.22309,0.33005,0.01056503,0.01379537,,,,1101
110.1,5.22317,0.40956,0.0105753,0.01381022,,,,1102
110.2,5.22328,0.33025,0.01058557,0.0138222,,,,1103
110.3,5.22324,0.33019,0.01059475,0.01383418,,,,1104
110.4,5.22324,0.33009,0.01060392,0.01384615,,,,1105
110.5,5.22336,0.31979,0.01061294,0.01385775,,,,1106
110.6,5.2234,0.31656,0.01062178,0.01386923,,,,1107
110.7,5.2236,0.31482,0.01063055,0.01388065,,,,1108
110.8,5.22383,0.31283,0.01063927,0.013892,,,,1109
110.9,5.22371,0.31357,0.01064797,0.01390338,,,,1110
111,5.2236,0.32709,0.01065687,0.01391524,,,,1111
111.1,5.22356,0.32713,0.01066595,0.01392711,,,,1112
111.2,5.22356,0.32719,0.01067504,0.01393898,,,,1113
111.3,5.22367,0.33794,0.01068428,0.01395124,,,,1114
111.4,5.22371,0.33844,0.01069367,0.01396351,,,,1115
111.5,5.22367,0.31581,0.01070276,0.01397497,,,,1116
111.6,5.2236,0.31457,0.01071151,0.01398638,,,,1117
111.7,5.22348,0.31208,0.01072022,0.0139977,,,,1118
111.8,5.22344,0.31357,0.01072891,0.01400908,,,,1119
111.9,5.22348,0.31208,0.0107376,0.0140204,,,,1120
112,5.22356,0.32697,0.01074647,0.01403226,,,,1121
112.1,5.2236,0.33745,0.0107557,0.0140445,,,,1122
112.2,5.2236,0.32707,0.01076493,0.01405636,,,,1123
112.3,5.22352,0.33943,0.01077419,0.01406868,,,,1124
112.4,5.22356,0.37773,0.01078415,0.01408238,,,,1125
112.5,5.22317,0.31506,0.01079377,0.0140938,,,,1126
112.6,5.22305,0.31208,0.01080248,0.01410512,,,,1127
112.7,5.22305,0.31283,0.01081116,0.01411647,,,,1128
112.8,5.22293,0.31382,0.01081986,0.01412785,,,,1129
112.9,5.22293,0.31506,0.0108286,0.01413928,,,,1130
113,5.22289,0.34192,0.01083772,0.01415168,,,,1131
113.1,5.22289,0.33034,0.01084706,0.01416366,,,,1132
113.2,5.22281,0.33022,0.01085623,0.01417564,,,,1133
113.3,5.22289,0.33018,0.01086541,0.01418761,,,,1134
113.4,5.22289,0.33044,0.01087458,0.0141996,,,,1135
113.5,5.22309,0.32877,0.01088374,0.01421153,,,,1136
113.6,5.22328,0.31382,0.01089266,0.01422291,,,,1137
113.7,5.22332,0.31432,0.01090139,0.01423431,,,,1138
113.8,5.22328,0.31631,0.01091014,0.01424578,,,,1139
113.9,5.22309,0.3278,0.01091909,0.01425767,,,,1140
114,5.22313,0.3278,0.0109282,0.01426956,,,,1141
114.1,5.22305,0.33869,0.01093745,0.01428185,,,,1142
114.2,5.22297,0.3285,0.01094672,0.01429376,,,,1143
114.3,5.22285,0.33919,0.01095599,0.01430606,,,,1144
114.4,5.20911,0.33993,0.01096542,0.01431839,,,,1145
114.5,5.22289,0.32766,0.0109747,0.01433028,,,,1146
114.6,5.22281,0.31382,0.01098361,0.01434166,,,,1147
114.7,5.22289,0.31482,0.01099234,0.01435308,,,,1148
114.8,5.22297,0.31606,0.0110011,0.01436454,,,,1149
114.9,5.22309,0.31656,0.01100989,0.01437602,,,,1150
115,5.22309,0.32775,0.01101883,0.01438791,,,,1151
115.1,5.22313,0.34068,0.01102812,0.01440027,,,,1152
115.2,5.22313,0.33894,0.01103756,0.01441254,,,,1153
115.3,5.22293,0.41404,0.01104802,0.01442755,,,,1154
115.4,5.21036,0.40906,0.01105945,0.01444239,,,,1155
115.5,5.20911,0.40683,0.01107078,0.01445713,,,,1156
115.6,5.22027,0.39738,0.01108195,0.01447154,,,,1157
115.7,5.21941,0.40061,0.01109303,0.01448606,,,,1158
115.8,5.21843,0.41056,0.0111043,0.01450093,,,,1159
115.9,5.21761,0.41155,0.01111572,0.01451584,,,,1160
116,5.21679,0.41627,0.01112721,0.01453092,,,,1161
116.1,5.21593,0.41354,0.01113874,0.0145459,,,,1162
116.2,5.2151,0.39725,0.01115,0.01456028,,,,1163
116.3,5.21471,0.40158,0.0111611,0.01457482,,,,1164
116.4,5.21456,0.40338,0.01117228,0.01458943,,,,1165
116.5,5.21456,0.40342,0.01118348,0.01460404,,,,1166
116.6,5.2146,0.41627,0.01119487,0.01461911,,,,1167
116.7,5.21467,0.41826,0.01120646,0.01463426,,,,1168
116.8,5.21467,0.39166,0.0112177,0.01464844,,,,1169
116.9,5.21471,0.40336,0.01122875,0.01466305,,,,1170
117,5.21471,0.40331,0.01123995,0.01467766,,,,1171
117.1,5.21464,0.41876,0.01125137,0.01469282,,,,1172
117.2,5.21464,0.41876,0.011263,0.01470803,,,,1173
117.3,5.2146,0.31283,0.01127316,0.01471938,,,,1174
117.4,5.21507,0.31979,0.01128195,0.01473096,,,,1175
117.5,5.21604,0.31656,0.01129079,0.01474243,,,,1176
117.6,5.22664,0.37599,0.0113004,0.01475605,,,,1177
117.7,5.21694,0.33023,0.01131021,0.01476802,,,,1178
117.8,5.21792,0.33421,0.01131944,0.01478013,,,,1179
117.9,5.2187,0.36961,0.01132922,0.01479353,,,,1180
118,5.21941,0.31929,0.01133879,0.01480512,,,,1181
118.1,5.22023,0.31506,0.0113476,0.01481655,,,,1182
118.2,5.22117,0.31382,0.01135633,0.01482793,,,,1183
118.3,5.22211,0.31308,0.01136504,0.01483928,,,,1184
118.4,5.22274,0.33734,0.01137407,0.01485152,,,,1185
118.5,5.22262,0.33735,0.01138344,0.01486375,,,,1186
118.6,5.22277,0.3919,0.01139357,0.01487797,,,,1187
118.7,5.2234,0.34416,0.01140379,0.01489045,,,,1188
118.8,5.22336,0.33015,0.01141316,0.01490243,,,,1189
118.9,5.22344,0.31531,0.01142212,0.01491387,,,,1190
119,5.22348,0.31482,0.01143087,0.01492529,,,,1191
119.1,5.22371,0.31233,0.01143959,0.01493662,,,,1192
119.2,5.22367,0.31308,0.01144827,0.01494797,,,,1193
119.3,5.22363,0.31283,0.01145696,0.01495932,,,,1194
119.4,5.22367,0.31183,0.01146564,0.01497063,,,,1195
119.5,5.22375,0.32757,0.01147452,0.01498252,,,,1196
119.6,5.22379,0.32755,0.01148362,0.0149944,,,,1197
119.7,5.22371,0.3276,0.01149272,0.01500628,,,,1198
119.8,5.22371,0.33844,0.01150197,0.01501856,,,,1199
119.9,5.22371,0.34043,0.0115114,0.01503091,,,,1200
120,5.22379,0.31407,0.01152049,0.0150423,,,,1201
120.1,5.22371,0.31283,0.0115292,0.01505365,,,,1202
120.2,5.22367,0.31332,0.01153789,0.01506502,,,,1203
120.3,5.22356,0.31233,0.01154658,0.01507635,,,,1204
120.4,5.22348,0.31308,0.01155527,0.0150877,,,,1205
120.5,5.22332,0.32723,0.01156416,0.01509957,,,,1206
120.6,5.22328,0.3272,0.01157325,0.01511144,,,,1207
120.7,5.22324,0.37599,0.01158302,0.01512508,,,,1208
120.8,5.22281,0.34142,0.01159298,0.01513746,,,,1209
120.9,5.22281,0.34167,0.01160247,0.01514985,,,,1210
121,5.22281,0.33045,0.0116118,0.01516184,,,,1211
121.1,5.22281,0.31382,0.01162075,0.01517322,,,,1212
121.2,5.22281,0.31432,0.01162948,0.01518462,,,,1213
121.3,5.22281,0.31357,0.0116382,0.01519599,,,,1214
121.4,5.22281,0.31382,0.01164691,0.01520738,,,,1215
121.5,5.22285,0.31506,0.01165564,0.0152188,,,,1216
121.6,5.22281,0.31556,0.0116644,0.01523025,,,,1217
121.7,5.22285,0.33013,0.01167337,0.01524222,,,,1218
121.8,5.22317,0.34118,0.01168269,0.0152546,,,,1219
121.9,5.2234,0.33968,0.01169215,0.01526692,,,,1220
122,5.22348,0.33794,0.01170156,0.01527918,,,,1221
122.1,5.22344,0.327,0.0117108,0.01529104,,,,1222
122.2,5.22348,0.31357,0.01171969,0.01530241,,,,1223
122.3,5.22344,0.31681,0.01172845,0.01531391,,,,1224
122.4,5.22352,0.31382,0.01173721,0.01532529,,,,1225
122.5,5.22352,0.31581,0.01174595,0.01533675,,,,1226
122.6,5.22363,0.327,0.01175488,0.01534861,,,,1227
122.7,5.22367,0.34043,0.01176415,0.01536096,,,,1228
122.8,5.2236,0.33919,0.01177359,0.01537326,,,,1229
122.9,5.22352,0.40981,0.01178399,0.01538813,,,,1230
,5.221125577,0.345063959,,,,,,
,,,,,,,,
,,,,,,,,
,,1.801622262,,,,,,
,,,,,,,,
,,,,,,,,
,,,,54.15228,,,,
